"filename", "language", "C++", "JavaScript", "JSON", "Log", "Groovy", "XML", "Java", "Objective-C", "C", "Makefile", "Shell Script", "Batch", "Properties", "comment", "blank", "total"
"c:\Users\Lenovo\git\software-engineering-project\codes\App_frontEnd\.eslintrc.js", "JavaScript", 0, 4, 0, 0, 0, 0, 0, 0, 0, 0, 0, 0, 0, 0, 1, 5
"c:\Users\Lenovo\git\software-engineering-project\codes\App_frontEnd\.prettierrc.js", "JavaScript", 0, 6, 0, 0, 0, 0, 0, 0, 0, 0, 0, 0, 0, 0, 1, 7
"c:\Users\Lenovo\git\software-engineering-project\codes\App_frontEnd\.watchmanconfig", "JSON", 0, 0, 1, 0, 0, 0, 0, 0, 0, 0, 0, 0, 0, 0, 0, 1
"c:\Users\Lenovo\git\software-engineering-project\codes\App_frontEnd\App.js", "JavaScript", 0, 21, 0, 0, 0, 0, 0, 0, 0, 0, 0, 0, 0, 3, 3, 27
"c:\Users\Lenovo\git\software-engineering-project\codes\App_frontEnd\__tests__\App-test.js", "JavaScript", 0, 7, 0, 0, 0, 0, 0, 0, 0, 0, 0, 0, 0, 4, 4, 15
"c:\Users\Lenovo\git\software-engineering-project\codes\App_frontEnd\android\app\build.gradle", "Groovy", 0, 0, 0, 0, 105, 0, 0, 0, 0, 0, 0, 0, 0, 114, 27, 246
"c:\Users\Lenovo\git\software-engineering-project\codes\App_frontEnd\android\app\jni\AECM\Android.mk", "Makefile", 0, 0, 0, 0, 0, 0, 0, 0, 0, 19, 0, 0, 0, 1, 5, 25
"c:\Users\Lenovo\git\software-engineering-project\codes\App_frontEnd\android\app\jni\AECM\aecm.cpp", "C++", 133, 0, 0, 0, 0, 0, 0, 0, 0, 0, 0, 0, 0, 4, 25, 162
"c:\Users\Lenovo\git\software-engineering-project\codes\App_frontEnd\android\app\jni\AECM\aecm\aecm_core.cc", "C++", 741, 0, 0, 0, 0, 0, 0, 0, 0, 0, 0, 0, 0, 245, 123, 1109
"c:\Users\Lenovo\git\software-engineering-project\codes\App_frontEnd\android\app\jni\AECM\aecm\aecm_core.h", "C++", 177, 0, 0, 0, 0, 0, 0, 0, 0, 0, 0, 0, 0, 211, 58, 446
"c:\Users\Lenovo\git\software-engineering-project\codes\App_frontEnd\android\app\jni\AECM\aecm\aecm_core_c.cc", "C++", 515, 0, 0, 0, 0, 0, 0, 0, 0, 0, 0, 0, 0, 118, 79, 712
"c:\Users\Lenovo\git\software-engineering-project\codes\App_frontEnd\android\app\jni\AECM\aecm\aecm_core_mips.cc", "C++", 1449, 0, 0, 0, 0, 0, 0, 0, 0, 0, 0, 0, 0, 116, 99, 1664
"c:\Users\Lenovo\git\software-engineering-project\codes\App_frontEnd\android\app\jni\AECM\aecm\aecm_core_neon.cc", "C++", 123, 0, 0, 0, 0, 0, 0, 0, 0, 0, 0, 0, 0, 45, 34, 202
"c:\Users\Lenovo\git\software-engineering-project\codes\App_frontEnd\android\app\jni\AECM\aecm\aecm_defines.h", "C++", 45, 0, 0, 0, 0, 0, 0, 0, 0, 0, 0, 0, 0, 28, 15, 88
"c:\Users\Lenovo\git\software-engineering-project\codes\App_frontEnd\android\app\jni\AECM\aecm\complex_fft.c", "C", 0, 0, 0, 0, 0, 0, 0, 0, 361, 0, 0, 0, 0, 65, 66, 492
"c:\Users\Lenovo\git\software-engineering-project\codes\App_frontEnd\android\app\jni\AECM\aecm\delay_estimator.cc", "C++", 424, 0, 0, 0, 0, 0, 0, 0, 0, 0, 0, 0, 0, 199, 80, 703
"c:\Users\Lenovo\git\software-engineering-project\codes\App_frontEnd\android\app\jni\AECM\aecm\delay_estimator.h", "C++", 56, 0, 0, 0, 0, 0, 0, 0, 0, 0, 0, 0, 0, 169, 31, 256
"c:\Users\Lenovo\git\software-engineering-project\codes\App_frontEnd\android\app\jni\AECM\aecm\delay_estimator_wrapper.cc", "C++", 347, 0, 0, 0, 0, 0, 0, 0, 0, 0, 0, 0, 0, 75, 96, 518
"c:\Users\Lenovo\git\software-engineering-project\codes\App_frontEnd\android\app\jni\AECM\aecm\delay_estimator_wrapper.h", "C++", 36, 0, 0, 0, 0, 0, 0, 0, 0, 0, 0, 0, 0, 182, 29, 247
"c:\Users\Lenovo\git\software-engineering-project\codes\App_frontEnd\android\app\jni\AECM\aecm\echo_control_mobile.cc", "C++", 427, 0, 0, 0, 0, 0, 0, 0, 0, 0, 0, 0, 0, 62, 106, 595
"c:\Users\Lenovo\git\software-engineering-project\codes\App_frontEnd\android\app\jni\AECM\aecm\echo_control_mobile.h", "C++", 47, 0, 0, 0, 0, 0, 0, 0, 0, 0, 0, 0, 0, 141, 22, 210
"c:\Users\Lenovo\git\software-engineering-project\codes\App_frontEnd\android\app\jni\AECM\aecm\real_fft.c", "C", 0, 0, 0, 0, 0, 0, 0, 0, 60, 0, 0, 0, 0, 22, 21, 103
"c:\Users\Lenovo\git\software-engineering-project\codes\App_frontEnd\android\app\jni\AECM\aecm\real_fft.h", "C++", 22, 0, 0, 0, 0, 0, 0, 0, 0, 0, 0, 0, 0, 66, 12, 100
"c:\Users\Lenovo\git\software-engineering-project\codes\App_frontEnd\android\app\jni\AECM\aecm\ring_buffer.c", "C", 0, 0, 0, 0, 0, 0, 0, 0, 167, 0, 0, 0, 0, 29, 36, 232
"c:\Users\Lenovo\git\software-engineering-project\codes\App_frontEnd\android\app\jni\AECM\aecm\ring_buffer.h", "C++", 34, 0, 0, 0, 0, 0, 0, 0, 0, 0, 0, 0, 0, 32, 18, 84
"c:\Users\Lenovo\git\software-engineering-project\codes\App_frontEnd\android\app\jni\AECM\aecm\signal_processing_library.cc", "C++", 160, 0, 0, 0, 0, 0, 0, 0, 0, 0, 0, 0, 0, 44, 49, 253
"c:\Users\Lenovo\git\software-engineering-project\codes\App_frontEnd\android\app\jni\AECM\aecm\signal_processing_library.h", "C++", 153, 0, 0, 0, 0, 0, 0, 0, 0, 0, 0, 0, 0, 119, 45, 317
"c:\Users\Lenovo\git\software-engineering-project\codes\App_frontEnd\android\app\jni\AECM\aecm\spl_inl.h", "C++", 60, 0, 0, 0, 0, 0, 0, 0, 0, 0, 0, 0, 0, 30, 28, 118
"c:\Users\Lenovo\git\software-engineering-project\codes\App_frontEnd\android\app\jni\AECM\aecm\spl_inl_armv7.h", "C++", 78, 0, 0, 0, 0, 0, 0, 0, 0, 0, 0, 0, 0, 21, 38, 137
"c:\Users\Lenovo\git\software-engineering-project\codes\App_frontEnd\android\app\jni\AECM\aecm\spl_inl_mips.h", "C++", 161, 0, 0, 0, 0, 0, 0, 0, 0, 0, 0, 0, 0, 11, 33, 205
"c:\Users\Lenovo\git\software-engineering-project\codes\App_frontEnd\android\app\jni\AECM\com_kgeapp_aecm_jni_AECM.h", "C++", 12, 0, 0, 0, 0, 0, 0, 0, 0, 0, 0, 0, 0, 7, 3, 22
"c:\Users\Lenovo\git\software-engineering-project\codes\App_frontEnd\android\app\jni\AECM\dr_wav.h", "C++", 4257, 0, 0, 0, 0, 0, 0, 0, 0, 0, 0, 0, 0, 1222, 936, 6415
"c:\Users\Lenovo\git\software-engineering-project\codes\App_frontEnd\android\app\jni\AECM\timing.h", "C++", 56, 0, 0, 0, 0, 0, 0, 0, 0, 0, 0, 0, 0, 0, 10, 66
"c:\Users\Lenovo\git\software-engineering-project\codes\App_frontEnd\android\app\jni\Android.mk", "Makefile", 0, 0, 0, 0, 0, 0, 0, 0, 0, 181, 0, 0, 0, 13, 18, 212
"c:\Users\Lenovo\git\software-engineering-project\codes\App_frontEnd\android\app\jni\Application.mk", "Makefile", 0, 0, 0, 0, 0, 0, 0, 0, 0, 2, 0, 0, 0, 0, 0, 2
"c:\Users\Lenovo\git\software-engineering-project\codes\App_frontEnd\android\app\jni\RNNoise.cpp", "C++", 32, 0, 0, 0, 0, 0, 0, 0, 0, 0, 0, 0, 0, 27, 6, 65
"c:\Users\Lenovo\git\software-engineering-project\codes\App_frontEnd\android\app\jni\RNNoise\Android.mk", "Makefile", 0, 0, 0, 0, 0, 0, 0, 0, 0, 15, 0, 0, 0, 0, 5, 20
"c:\Users\Lenovo\git\software-engineering-project\codes\App_frontEnd\android\app\jni\RNNoise\RNNoise.cpp", "C++", 62, 0, 0, 0, 0, 0, 0, 0, 0, 0, 0, 0, 0, 3, 15, 80
"c:\Users\Lenovo\git\software-engineering-project\codes\App_frontEnd\android\app\jni\RNNoise\com_kgeapp_rnnoise_RNNoise.h", "C++", 18, 0, 0, 0, 0, 0, 0, 0, 0, 0, 0, 0, 0, 8, 5, 31
"c:\Users\Lenovo\git\software-engineering-project\codes\App_frontEnd\android\app\jni\RNNoise\src\_kiss_fft_guts.h", "C++", 114, 0, 0, 0, 0, 0, 0, 0, 0, 0, 0, 0, 0, 39, 30, 183
"c:\Users\Lenovo\git\software-engineering-project\codes\App_frontEnd\android\app\jni\RNNoise\src\arch.h", "C++", 174, 0, 0, 0, 0, 0, 0, 0, 0, 0, 0, 0, 0, 40, 48, 262
"c:\Users\Lenovo\git\software-engineering-project\codes\App_frontEnd\android\app\jni\RNNoise\src\celt_lpc.c", "C", 0, 0, 0, 0, 0, 0, 0, 0, 235, 0, 0, 0, 0, 31, 14, 280
"c:\Users\Lenovo\git\software-engineering-project\codes\App_frontEnd\android\app\jni\RNNoise\src\celt_lpc.h", "C++", 24, 0, 0, 0, 0, 0, 0, 0, 0, 0, 0, 0, 0, 26, 10, 60
"c:\Users\Lenovo\git\software-engineering-project\codes\App_frontEnd\android\app\jni\RNNoise\src\common.h", "C++", 28, 0, 0, 0, 0, 0, 0, 0, 0, 0, 0, 0, 0, 7, 14, 49
"c:\Users\Lenovo\git\software-engineering-project\codes\App_frontEnd\android\app\jni\RNNoise\src\denoise.c", "C", 0, 0, 0, 0, 0, 0, 0, 0, 564, 0, 0, 0, 0, 32, 51, 647
"c:\Users\Lenovo\git\software-engineering-project\codes\App_frontEnd\android\app\jni\RNNoise\src\kiss_fft.c", "C", 0, 0, 0, 0, 0, 0, 0, 0, 476, 0, 0, 0, 0, 59, 67, 602
"c:\Users\Lenovo\git\software-engineering-project\codes\App_frontEnd\android\app\jni\RNNoise\src\kiss_fft.h", "C++", 99, 0, 0, 0, 0, 0, 0, 0, 0, 0, 0, 0, 0, 66, 39, 204
"c:\Users\Lenovo\git\software-engineering-project\codes\App_frontEnd\android\app\jni\RNNoise\src\opus_types.h", "C++", 92, 0, 0, 0, 0, 0, 0, 0, 0, 0, 0, 0, 0, 39, 29, 160
"c:\Users\Lenovo\git\software-engineering-project\codes\App_frontEnd\android\app\jni\RNNoise\src\pitch.c", "C", 0, 0, 0, 0, 0, 0, 0, 0, 441, 0, 0, 0, 0, 54, 32, 527
"c:\Users\Lenovo\git\software-engineering-project\codes\App_frontEnd\android\app\jni\RNNoise\src\pitch.h", "C++", 100, 0, 0, 0, 0, 0, 0, 0, 0, 0, 0, 0, 0, 37, 13, 150
"c:\Users\Lenovo\git\software-engineering-project\codes\App_frontEnd\android\app\jni\RNNoise\src\rnn.c", "C", 0, 0, 0, 0, 0, 0, 0, 0, 136, 0, 0, 0, 0, 32, 11, 179
"c:\Users\Lenovo\git\software-engineering-project\codes\App_frontEnd\android\app\jni\RNNoise\src\rnn.h", "C++", 30, 0, 0, 0, 0, 0, 0, 0, 0, 0, 0, 0, 0, 25, 15, 70
"c:\Users\Lenovo\git\software-engineering-project\codes\App_frontEnd\android\app\jni\RNNoise\src\rnn_data.c", "C", 0, 0, 0, 0, 0, 0, 0, 0, 11021, 0, 0, 0, 0, 1, 30, 11052
"c:\Users\Lenovo\git\software-engineering-project\codes\App_frontEnd\android\app\jni\RNNoise\src\rnn_data.h", "C++", 24, 0, 0, 0, 0, 0, 0, 0, 0, 0, 0, 0, 0, 0, 11, 35
"c:\Users\Lenovo\git\software-engineering-project\codes\App_frontEnd\android\app\jni\RNNoise\src\rnn_reader.c", "C", 0, 0, 0, 0, 0, 0, 0, 0, 123, 0, 0, 0, 0, 27, 19, 169
"c:\Users\Lenovo\git\software-engineering-project\codes\App_frontEnd\android\app\jni\RNNoise\src\rnnoise.h", "C++", 33, 0, 0, 0, 0, 0, 0, 0, 0, 0, 0, 0, 0, 66, 16, 115
"c:\Users\Lenovo\git\software-engineering-project\codes\App_frontEnd\android\app\jni\RNNoise\src\tansig_table.h", "C++", 43, 0, 0, 0, 0, 0, 0, 0, 0, 0, 0, 0, 0, 1, 2, 46
"c:\Users\Lenovo\git\software-engineering-project\codes\App_frontEnd\android\app\jni\Sox\android\armv7a\include\sox.h", "C++", 1060, 0, 0, 0, 0, 0, 0, 0, 0, 0, 0, 0, 0, 1283, 261, 2604
"c:\Users\Lenovo\git\software-engineering-project\codes\App_frontEnd\android\app\jni\Sox\android\armv8a\include\sox.h", "C++", 1060, 0, 0, 0, 0, 0, 0, 0, 0, 0, 0, 0, 0, 1283, 261, 2604
"c:\Users\Lenovo\git\software-engineering-project\codes\App_frontEnd\android\app\jni\Sox\android\x86-64\include\sox.h", "C++", 1060, 0, 0, 0, 0, 0, 0, 0, 0, 0, 0, 0, 0, 1283, 261, 2604
"c:\Users\Lenovo\git\software-engineering-project\codes\App_frontEnd\android\app\jni\Sox\android\x86\include\sox.h", "C++", 1060, 0, 0, 0, 0, 0, 0, 0, 0, 0, 0, 0, 0, 1283, 261, 2604
"c:\Users\Lenovo\git\software-engineering-project\codes\App_frontEnd\android\app\jni\Sox\com_kgeapp_sox_jni_sox.h", "C++", 32, 0, 0, 0, 0, 0, 0, 0, 0, 0, 0, 0, 0, 68, 21, 121
"c:\Users\Lenovo\git\software-engineering-project\codes\App_frontEnd\android\app\jni\Sox\sox.cpp", "C++", 168, 0, 0, 0, 0, 0, 0, 0, 0, 0, 0, 0, 0, 70, 30, 268
"c:\Users\Lenovo\git\software-engineering-project\codes\App_frontEnd\android\app\jni\Sox\src\adpcm.c", "C", 0, 0, 0, 0, 0, 0, 0, 0, 259, 0, 0, 0, 0, 62, 47, 368
"c:\Users\Lenovo\git\software-engineering-project\codes\App_frontEnd\android\app\jni\Sox\src\adpcm.h", "C++", 33, 0, 0, 0, 0, 0, 0, 0, 0, 0, 0, 0, 0, 38, 9, 80
"c:\Users\Lenovo\git\software-engineering-project\codes\App_frontEnd\android\app\jni\Sox\src\adpcms.c", "C", 0, 0, 0, 0, 0, 0, 0, 0, 170, 0, 0, 0, 0, 105, 48, 323
"c:\Users\Lenovo\git\software-engineering-project\codes\App_frontEnd\android\app\jni\Sox\src\adpcms.h", "C++", 33, 0, 0, 0, 0, 0, 0, 0, 0, 0, 0, 0, 0, 17, 6, 56
"c:\Users\Lenovo\git\software-engineering-project\codes\App_frontEnd\android\app\jni\Sox\src\aifc-fmt.c", "C", 0, 0, 0, 0, 0, 0, 0, 0, 18, 0, 0, 0, 0, 16, 3, 37
"c:\Users\Lenovo\git\software-engineering-project\codes\App_frontEnd\android\app\jni\Sox\src\aiff-fmt.c", "C", 0, 0, 0, 0, 0, 0, 0, 0, 15, 0, 0, 0, 0, 16, 3, 34
"c:\Users\Lenovo\git\software-engineering-project\codes\App_frontEnd\android\app\jni\Sox\src\aiff.c", "C", 0, 0, 0, 0, 0, 0, 0, 0, 834, 0, 0, 0, 0, 226, 92, 1152
"c:\Users\Lenovo\git\software-engineering-project\codes\App_frontEnd\android\app\jni\Sox\src\aiff.h", "C++", 6, 0, 0, 0, 0, 0, 0, 0, 0, 0, 0, 0, 0, 15, 2, 23
"c:\Users\Lenovo\git\software-engineering-project\codes\App_frontEnd\android\app\jni\Sox\src\al-fmt.c", "C", 0, 0, 0, 0, 0, 0, 0, 0, 3, 0, 0, 0, 0, 16, 3, 22
"c:\Users\Lenovo\git\software-engineering-project\codes\App_frontEnd\android\app\jni\Sox\src\alsa.c", "C", 0, 0, 0, 0, 0, 0, 0, 0, 331, 0, 0, 0, 0, 21, 28, 380
"c:\Users\Lenovo\git\software-engineering-project\codes\App_frontEnd\android\app\jni\Sox\src\amr-nb.c", "C", 0, 0, 0, 0, 0, 0, 0, 0, 53, 0, 0, 0, 0, 24, 14, 91
"c:\Users\Lenovo\git\software-engineering-project\codes\App_frontEnd\android\app\jni\Sox\src\amr-wb.c", "C", 0, 0, 0, 0, 0, 0, 0, 0, 72, 0, 0, 0, 0, 25, 19, 116
"c:\Users\Lenovo\git\software-engineering-project\codes\App_frontEnd\android\app\jni\Sox\src\amr.h", "C++", 271, 0, 0, 0, 0, 0, 0, 0, 0, 0, 0, 0, 0, 16, 49, 336
"c:\Users\Lenovo\git\software-engineering-project\codes\App_frontEnd\android\app\jni\Sox\src\ao.c", "C", 0, 0, 0, 0, 0, 0, 0, 0, 96, 0, 0, 0, 0, 17, 22, 135
"c:\Users\Lenovo\git\software-engineering-project\codes\App_frontEnd\android\app\jni\Sox\src\au.c", "C", 0, 0, 0, 0, 0, 0, 0, 0, 194, 0, 0, 0, 0, 23, 21, 238
"c:\Users\Lenovo\git\software-engineering-project\codes\App_frontEnd\android\app\jni\Sox\src\avr.c", "C", 0, 0, 0, 0, 0, 0, 0, 0, 173, 0, 0, 0, 0, 56, 59, 288
"c:\Users\Lenovo\git\software-engineering-project\codes\App_frontEnd\android\app\jni\Sox\src\band.h", "C++", 7, 0, 0, 0, 0, 0, 0, 0, 0, 0, 0, 0, 0, 39, 2, 48
"c:\Users\Lenovo\git\software-engineering-project\codes\App_frontEnd\android\app\jni\Sox\src\bend.c", "C", 0, 0, 0, 0, 0, 0, 0, 0, 229, 0, 0, 0, 0, 47, 50, 326
"c:\Users\Lenovo\git\software-engineering-project\codes\App_frontEnd\android\app\jni\Sox\src\biquad.c", "C", 0, 0, 0, 0, 0, 0, 0, 0, 143, 0, 0, 0, 0, 17, 19, 179
"c:\Users\Lenovo\git\software-engineering-project\codes\App_frontEnd\android\app\jni\Sox\src\biquad.h", "C++", 49, 0, 0, 0, 0, 0, 0, 0, 0, 0, 0, 0, 0, 19, 11, 79
"c:\Users\Lenovo\git\software-engineering-project\codes\App_frontEnd\android\app\jni\Sox\src\biquads.c", "C", 0, 0, 0, 0, 0, 0, 0, 0, 303, 0, 0, 0, 0, 59, 55, 417
"c:\Users\Lenovo\git\software-engineering-project\codes\App_frontEnd\android\app\jni\Sox\src\bit-rot\CoreAudio\CoreAudio.h", "C++", 238, 0, 0, 0, 0, 0, 0, 0, 0, 0, 0, 0, 0, 3, 33, 274
"c:\Users\Lenovo\git\software-engineering-project\codes\App_frontEnd\android\app\jni\Sox\src\bit-rot\mmreg.h", "C++", 0, 0, 0, 0, 0, 0, 0, 0, 0, 0, 0, 0, 0, 0, 1, 1
"c:\Users\Lenovo\git\software-engineering-project\codes\App_frontEnd\android\app\jni\Sox\src\bit-rot\mmsystem.h", "C++", 79, 0, 0, 0, 0, 0, 0, 0, 0, 0, 0, 0, 0, 3, 8, 90
"c:\Users\Lenovo\git\software-engineering-project\codes\App_frontEnd\android\app\jni\Sox\src\bit-rot\sndio.h", "C++", 91, 0, 0, 0, 0, 0, 0, 0, 0, 0, 0, 0, 0, 51, 19, 161
"c:\Users\Lenovo\git\software-engineering-project\codes\App_frontEnd\android\app\jni\Sox\src\bit-rot\sys\audioio.h", "C++", 140, 0, 0, 0, 0, 0, 0, 0, 0, 0, 0, 0, 0, 111, 39, 290
"c:\Users\Lenovo\git\software-engineering-project\codes\App_frontEnd\android\app\jni\Sox\src\bit-rot\windows.h", "C++", 28, 0, 0, 0, 0, 0, 0, 0, 0, 0, 0, 0, 0, 3, 4, 35
"c:\Users\Lenovo\git\software-engineering-project\codes\App_frontEnd\android\app\jni\Sox\src\caf.c", "C", 0, 0, 0, 0, 0, 0, 0, 0, 17, 0, 0, 0, 0, 16, 3, 36
"c:\Users\Lenovo\git\software-engineering-project\codes\App_frontEnd\android\app\jni\Sox\src\cdr.c", "C", 0, 0, 0, 0, 0, 0, 0, 0, 27, 0, 0, 0, 0, 17, 6, 50
"c:\Users\Lenovo\git\software-engineering-project\codes\App_frontEnd\android\app\jni\Sox\src\chorus.c", "C", 0, 0, 0, 0, 0, 0, 0, 0, 234, 0, 0, 0, 0, 86, 32, 352
"c:\Users\Lenovo\git\software-engineering-project\codes\App_frontEnd\android\app\jni\Sox\src\compand.c", "C", 0, 0, 0, 0, 0, 0, 0, 0, 208, 0, 0, 0, 0, 50, 36, 294
"c:\Users\Lenovo\git\software-engineering-project\codes\App_frontEnd\android\app\jni\Sox\src\compandt.c", "C", 0, 0, 0, 0, 0, 0, 0, 0, 183, 0, 0, 0, 0, 16, 31, 230
"c:\Users\Lenovo\git\software-engineering-project\codes\App_frontEnd\android\app\jni\Sox\src\compandt.h", "C++", 26, 0, 0, 0, 0, 0, 0, 0, 0, 0, 0, 0, 0, 17, 10, 53
"c:\Users\Lenovo\git\software-engineering-project\codes\App_frontEnd\android\app\jni\Sox\src\contrast.c", "C", 0, 0, 0, 0, 0, 0, 0, 0, 28, 0, 0, 0, 0, 16, 6, 50
"c:\Users\Lenovo\git\software-engineering-project\codes\App_frontEnd\android\app\jni\Sox\src\coreaudio.c", "C", 0, 0, 0, 0, 0, 0, 0, 0, 317, 0, 0, 0, 0, 27, 75, 419
"c:\Users\Lenovo\git\software-engineering-project\codes\App_frontEnd\android\app\jni\Sox\src\cvsd-fmt.c", "C", 0, 0, 0, 0, 0, 0, 0, 0, 82, 0, 0, 0, 0, 18, 15, 115
"c:\Users\Lenovo\git\software-engineering-project\codes\App_frontEnd\android\app\jni\Sox\src\cvsd.c", "C", 0, 0, 0, 0, 0, 0, 0, 0, 439, 0, 0, 0, 0, 165, 77, 681
"c:\Users\Lenovo\git\software-engineering-project\codes\App_frontEnd\android\app\jni\Sox\src\cvsd.h", "C++", 41, 0, 0, 0, 0, 0, 0, 0, 0, 0, 0, 0, 0, 23, 5, 69
"c:\Users\Lenovo\git\software-engineering-project\codes\App_frontEnd\android\app\jni\Sox\src\cvsdfilt.h", "C++", 70, 0, 0, 0, 0, 0, 0, 0, 0, 0, 0, 0, 0, 28, 15, 113
"c:\Users\Lenovo\git\software-engineering-project\codes\App_frontEnd\android\app\jni\Sox\src\dat.c", "C", 0, 0, 0, 0, 0, 0, 0, 0, 119, 0, 0, 0, 0, 21, 23, 163
"c:\Users\Lenovo\git\software-engineering-project\codes\App_frontEnd\android\app\jni\Sox\src\dcshift.c", "C", 0, 0, 0, 0, 0, 0, 0, 0, 105, 0, 0, 0, 0, 37, 24, 166
"c:\Users\Lenovo\git\software-engineering-project\codes\App_frontEnd\android\app\jni\Sox\src\delay.c", "C", 0, 0, 0, 0, 0, 0, 0, 0, 129, 0, 0, 0, 0, 19, 16, 164
"c:\Users\Lenovo\git\software-engineering-project\codes\App_frontEnd\android\app\jni\Sox\src\dft_filter.c", "C", 0, 0, 0, 0, 0, 0, 0, 0, 104, 0, 0, 0, 0, 16, 18, 138
"c:\Users\Lenovo\git\software-engineering-project\codes\App_frontEnd\android\app\jni\Sox\src\dft_filter.h", "C++", 13, 0, 0, 0, 0, 0, 0, 0, 0, 0, 0, 0, 0, 0, 4, 17
"c:\Users\Lenovo\git\software-engineering-project\codes\App_frontEnd\android\app\jni\Sox\src\dither.c", "C", 0, 0, 0, 0, 0, 0, 0, 0, 390, 0, 0, 0, 0, 20, 27, 437
"c:\Users\Lenovo\git\software-engineering-project\codes\App_frontEnd\android\app\jni\Sox\src\dither.h", "C++", 61, 0, 0, 0, 0, 0, 0, 0, 0, 0, 0, 0, 0, 0, 3, 64
"c:\Users\Lenovo\git\software-engineering-project\codes\App_frontEnd\android\app\jni\Sox\src\divide.c", "C", 0, 0, 0, 0, 0, 0, 0, 0, 45, 0, 0, 0, 0, 20, 9, 74
"c:\Users\Lenovo\git\software-engineering-project\codes\App_frontEnd\android\app\jni\Sox\src\downsample.c", "C", 0, 0, 0, 0, 0, 0, 0, 0, 50, 0, 0, 0, 0, 24, 12, 86
"c:\Users\Lenovo\git\software-engineering-project\codes\App_frontEnd\android\app\jni\Sox\src\dvms-fmt.c", "C", 0, 0, 0, 0, 0, 0, 0, 0, 14, 0, 0, 0, 0, 16, 3, 33
"c:\Users\Lenovo\git\software-engineering-project\codes\App_frontEnd\android\app\jni\Sox\src\earwax.c", "C", 0, 0, 0, 0, 0, 0, 0, 0, 72, 0, 0, 0, 0, 16, 10, 98
"c:\Users\Lenovo\git\software-engineering-project\codes\App_frontEnd\android\app\jni\Sox\src\echo.c", "C", 0, 0, 0, 0, 0, 0, 0, 0, 172, 0, 0, 0, 0, 72, 23, 267
"c:\Users\Lenovo\git\software-engineering-project\codes\App_frontEnd\android\app\jni\Sox\src\echos.c", "C", 0, 0, 0, 0, 0, 0, 0, 0, 186, 0, 0, 0, 0, 71, 22, 279
"c:\Users\Lenovo\git\software-engineering-project\codes\App_frontEnd\android\app\jni\Sox\src\effects.c", "C", 0, 0, 0, 0, 0, 0, 0, 0, 500, 0, 0, 0, 0, 96, 74, 670
"c:\Users\Lenovo\git\software-engineering-project\codes\App_frontEnd\android\app\jni\Sox\src\effects.h", "C++", 73, 0, 0, 0, 0, 0, 0, 0, 0, 0, 0, 0, 0, 15, 3, 91
"c:\Users\Lenovo\git\software-engineering-project\codes\App_frontEnd\android\app\jni\Sox\src\effects_i.c", "C", 0, 0, 0, 0, 0, 0, 0, 0, 360, 0, 0, 0, 0, 69, 55, 484
"c:\Users\Lenovo\git\software-engineering-project\codes\App_frontEnd\android\app\jni\Sox\src\effects_i_dsp.c", "C", 0, 0, 0, 0, 0, 0, 0, 0, 558, 0, 0, 0, 0, 22, 66, 646
"c:\Users\Lenovo\git\software-engineering-project\codes\App_frontEnd\android\app\jni\Sox\src\example0.c", "C", 0, 0, 0, 0, 0, 0, 0, 0, 41, 0, 0, 0, 0, 42, 15, 98
"c:\Users\Lenovo\git\software-engineering-project\codes\App_frontEnd\android\app\jni\Sox\src\example1.c", "C", 0, 0, 0, 0, 0, 0, 0, 0, 75, 0, 0, 0, 0, 66, 27, 168
"c:\Users\Lenovo\git\software-engineering-project\codes\App_frontEnd\android\app\jni\Sox\src\example2.c", "C", 0, 0, 0, 0, 0, 0, 0, 0, 59, 0, 0, 0, 0, 43, 17, 119
"c:\Users\Lenovo\git\software-engineering-project\codes\App_frontEnd\android\app\jni\Sox\src\example3.c", "C", 0, 0, 0, 0, 0, 0, 0, 0, 64, 0, 0, 0, 0, 33, 17, 114
"c:\Users\Lenovo\git\software-engineering-project\codes\App_frontEnd\android\app\jni\Sox\src\example4.c", "C", 0, 0, 0, 0, 0, 0, 0, 0, 42, 0, 0, 0, 0, 39, 18, 99
"c:\Users\Lenovo\git\software-engineering-project\codes\App_frontEnd\android\app\jni\Sox\src\example5.c", "C", 0, 0, 0, 0, 0, 0, 0, 0, 45, 0, 0, 0, 0, 27, 12, 84
"c:\Users\Lenovo\git\software-engineering-project\codes\App_frontEnd\android\app\jni\Sox\src\example6.c", "C", 0, 0, 0, 0, 0, 0, 0, 0, 63, 0, 0, 0, 0, 51, 15, 129
"c:\Users\Lenovo\git\software-engineering-project\codes\App_frontEnd\android\app\jni\Sox\src\f4-fmt.c", "C", 0, 0, 0, 0, 0, 0, 0, 0, 3, 0, 0, 0, 0, 16, 3, 22
"c:\Users\Lenovo\git\software-engineering-project\codes\App_frontEnd\android\app\jni\Sox\src\f8-fmt.c", "C", 0, 0, 0, 0, 0, 0, 0, 0, 3, 0, 0, 0, 0, 16, 3, 22
"c:\Users\Lenovo\git\software-engineering-project\codes\App_frontEnd\android\app\jni\Sox\src\fade.c", "C", 0, 0, 0, 0, 0, 0, 0, 0, 272, 0, 0, 0, 0, 67, 61, 400
"c:\Users\Lenovo\git\software-engineering-project\codes\App_frontEnd\android\app\jni\Sox\src\fap.c", "C", 0, 0, 0, 0, 0, 0, 0, 0, 13, 0, 0, 0, 0, 16, 3, 32
"c:\Users\Lenovo\git\software-engineering-project\codes\App_frontEnd\android\app\jni\Sox\src\fft4g.c", "C", 0, 0, 0, 0, 0, 0, 0, 0, 1009, 0, 0, 0, 0, 284, 70, 1363
"c:\Users\Lenovo\git\software-engineering-project\codes\App_frontEnd\android\app\jni\Sox\src\fft4g.h", "C++", 17, 0, 0, 0, 0, 0, 0, 0, 0, 0, 0, 0, 0, 15, 6, 38
"c:\Users\Lenovo\git\software-engineering-project\codes\App_frontEnd\android\app\jni\Sox\src\fifo.h", "C++", 84, 0, 0, 0, 0, 0, 0, 0, 0, 0, 0, 0, 0, 16, 20, 120
"c:\Users\Lenovo\git\software-engineering-project\codes\App_frontEnd\android\app\jni\Sox\src\fir.c", "C", 0, 0, 0, 0, 0, 0, 0, 0, 80, 0, 0, 0, 0, 18, 8, 106
"c:\Users\Lenovo\git\software-engineering-project\codes\App_frontEnd\android\app\jni\Sox\src\firfit.c", "C", 0, 0, 0, 0, 0, 0, 0, 0, 111, 0, 0, 0, 0, 20, 15, 146
"c:\Users\Lenovo\git\software-engineering-project\codes\App_frontEnd\android\app\jni\Sox\src\flac.c", "C", 0, 0, 0, 0, 0, 0, 0, 0, 464, 0, 0, 0, 0, 32, 111, 607
"c:\Users\Lenovo\git\software-engineering-project\codes\App_frontEnd\android\app\jni\Sox\src\flanger.c", "C", 0, 0, 0, 0, 0, 0, 0, 0, 197, 0, 0, 0, 0, 27, 52, 276
"c:\Users\Lenovo\git\software-engineering-project\codes\App_frontEnd\android\app\jni\Sox\src\formats.c", "C", 0, 0, 0, 0, 0, 0, 0, 0, 1143, 0, 0, 0, 0, 71, 138, 1352
"c:\Users\Lenovo\git\software-engineering-project\codes\App_frontEnd\android\app\jni\Sox\src\formats.h", "C++", 100, 0, 0, 0, 0, 0, 0, 0, 0, 0, 0, 0, 0, 26, 5, 131
"c:\Users\Lenovo\git\software-engineering-project\codes\App_frontEnd\android\app\jni\Sox\src\formats_i.c", "C", 0, 0, 0, 0, 0, 0, 0, 0, 416, 0, 0, 0, 0, 54, 76, 546
"c:\Users\Lenovo\git\software-engineering-project\codes\App_frontEnd\android\app\jni\Sox\src\g711.c", "C", 0, 0, 0, 0, 0, 0, 0, 0, 2287, 0, 0, 0, 0, 98, 37, 2422
"c:\Users\Lenovo\git\software-engineering-project\codes\App_frontEnd\android\app\jni\Sox\src\g711.h", "C++", 8, 0, 0, 0, 0, 0, 0, 0, 0, 0, 0, 0, 0, 11, 3, 22
"c:\Users\Lenovo\git\software-engineering-project\codes\App_frontEnd\android\app\jni\Sox\src\g721.c", "C", 0, 0, 0, 0, 0, 0, 0, 0, 71, 0, 0, 0, 0, 74, 23, 168
"c:\Users\Lenovo\git\software-engineering-project\codes\App_frontEnd\android\app\jni\Sox\src\g723_24.c", "C", 0, 0, 0, 0, 0, 0, 0, 0, 69, 0, 0, 0, 0, 61, 22, 152
"c:\Users\Lenovo\git\software-engineering-project\codes\App_frontEnd\android\app\jni\Sox\src\g723_40.c", "C", 0, 0, 0, 0, 0, 0, 0, 0, 79, 0, 0, 0, 0, 70, 23, 172
"c:\Users\Lenovo\git\software-engineering-project\codes\App_frontEnd\android\app\jni\Sox\src\g72x.c", "C", 0, 0, 0, 0, 0, 0, 0, 0, 356, 0, 0, 0, 0, 170, 50, 576
"c:\Users\Lenovo\git\software-engineering-project\codes\App_frontEnd\android\app\jni\Sox\src\g72x.h", "C++", 97, 0, 0, 0, 0, 0, 0, 0, 0, 0, 0, 0, 0, 52, 9, 158
"c:\Users\Lenovo\git\software-engineering-project\codes\App_frontEnd\android\app\jni\Sox\src\gain.c", "C", 0, 0, 0, 0, 0, 0, 0, 0, 240, 0, 0, 0, 0, 17, 20, 277
"c:\Users\Lenovo\git\software-engineering-project\codes\App_frontEnd\android\app\jni\Sox\src\getopt.c", "C", 0, 0, 0, 0, 0, 0, 0, 0, 305, 0, 0, 0, 0, 19, 26, 350
"c:\Users\Lenovo\git\software-engineering-project\codes\App_frontEnd\android\app\jni\Sox\src\gsm.c", "C", 0, 0, 0, 0, 0, 0, 0, 0, 173, 0, 0, 0, 0, 33, 42, 248
"c:\Users\Lenovo\git\software-engineering-project\codes\App_frontEnd\android\app\jni\Sox\src\gsrt.c", "C", 0, 0, 0, 0, 0, 0, 0, 0, 166, 0, 0, 0, 0, 18, 24, 208
"c:\Users\Lenovo\git\software-engineering-project\codes\App_frontEnd\android\app\jni\Sox\src\hcom.c", "C", 0, 0, 0, 0, 0, 0, 0, 0, 406, 0, 0, 0, 0, 44, 53, 503
"c:\Users\Lenovo\git\software-engineering-project\codes\App_frontEnd\android\app\jni\Sox\src\hilbert.c", "C", 0, 0, 0, 0, 0, 0, 0, 0, 70, 0, 0, 0, 0, 22, 11, 103
"c:\Users\Lenovo\git\software-engineering-project\codes\App_frontEnd\android\app\jni\Sox\src\htk.c", "C", 0, 0, 0, 0, 0, 0, 0, 0, 55, 0, 0, 0, 0, 18, 8, 81
"c:\Users\Lenovo\git\software-engineering-project\codes\App_frontEnd\android\app\jni\Sox\src\id3.c", "C", 0, 0, 0, 0, 0, 0, 0, 0, 178, 0, 0, 0, 0, 25, 25, 228
"c:\Users\Lenovo\git\software-engineering-project\codes\App_frontEnd\android\app\jni\Sox\src\id3.h", "C++", 5, 0, 0, 0, 0, 0, 0, 0, 0, 0, 0, 0, 0, 16, 5, 26
"c:\Users\Lenovo\git\software-engineering-project\codes\App_frontEnd\android\app\jni\Sox\src\ima-fmt.c", "C", 0, 0, 0, 0, 0, 0, 0, 0, 15, 0, 0, 0, 0, 16, 3, 34
"c:\Users\Lenovo\git\software-engineering-project\codes\App_frontEnd\android\app\jni\Sox\src\ima_rw.c", "C", 0, 0, 0, 0, 0, 0, 0, 0, 277, 0, 0, 0, 0, 53, 36, 366
"c:\Users\Lenovo\git\software-engineering-project\codes\App_frontEnd\android\app\jni\Sox\src\ima_rw.h", "C++", 35, 0, 0, 0, 0, 0, 0, 0, 0, 0, 0, 0, 0, 39, 11, 85
"c:\Users\Lenovo\git\software-engineering-project\codes\App_frontEnd\android\app\jni\Sox\src\input.c", "C", 0, 0, 0, 0, 0, 0, 0, 0, 27, 0, 0, 0, 0, 22, 10, 59
"c:\Users\Lenovo\git\software-engineering-project\codes\App_frontEnd\android\app\jni\Sox\src\la-fmt.c", "C", 0, 0, 0, 0, 0, 0, 0, 0, 3, 0, 0, 0, 0, 16, 3, 22
"c:\Users\Lenovo\git\software-engineering-project\codes\App_frontEnd\android\app\jni\Sox\src\ladspa.c", "C", 0, 0, 0, 0, 0, 0, 0, 0, 338, 0, 0, 0, 0, 85, 70, 493
"c:\Users\Lenovo\git\software-engineering-project\codes\App_frontEnd\android\app\jni\Sox\src\ladspa.h", "C++", 108, 0, 0, 0, 0, 0, 0, 0, 0, 0, 0, 0, 0, 410, 86, 604
"c:\Users\Lenovo\git\software-engineering-project\codes\App_frontEnd\android\app\jni\Sox\src\libsox.c", "C", 0, 0, 0, 0, 0, 0, 0, 0, 175, 0, 0, 0, 0, 30, 20, 225
"c:\Users\Lenovo\git\software-engineering-project\codes\App_frontEnd\android\app\jni\Sox\src\libsox_i.c", "C", 0, 0, 0, 0, 0, 0, 0, 0, 76, 0, 0, 0, 0, 28, 13, 117
"c:\Users\Lenovo\git\software-engineering-project\codes\App_frontEnd\android\app\jni\Sox\src\loudness.c", "C", 0, 0, 0, 0, 0, 0, 0, 0, 101, 0, 0, 0, 0, 16, 13, 130
"c:\Users\Lenovo\git\software-engineering-project\codes\App_frontEnd\android\app\jni\Sox\src\lpc10.c", "C", 0, 0, 0, 0, 0, 0, 0, 0, 129, 0, 0, 0, 0, 66, 31, 226
"c:\Users\Lenovo\git\software-engineering-project\codes\App_frontEnd\android\app\jni\Sox\src\lu-fmt.c", "C", 0, 0, 0, 0, 0, 0, 0, 0, 3, 0, 0, 0, 0, 16, 3, 22
"c:\Users\Lenovo\git\software-engineering-project\codes\App_frontEnd\android\app\jni\Sox\src\mat4.c", "C", 0, 0, 0, 0, 0, 0, 0, 0, 15, 0, 0, 0, 0, 16, 3, 34
"c:\Users\Lenovo\git\software-engineering-project\codes\App_frontEnd\android\app\jni\Sox\src\mat5.c", "C", 0, 0, 0, 0, 0, 0, 0, 0, 15, 0, 0, 0, 0, 16, 3, 34
"c:\Users\Lenovo\git\software-engineering-project\codes\App_frontEnd\android\app\jni\Sox\src\maud.c", "C", 0, 0, 0, 0, 0, 0, 0, 0, 248, 0, 0, 0, 0, 34, 63, 345
"c:\Users\Lenovo\git\software-engineering-project\codes\App_frontEnd\android\app\jni\Sox\src\mcompand.c", "C", 0, 0, 0, 0, 0, 0, 0, 0, 352, 0, 0, 0, 0, 99, 74, 525
"c:\Users\Lenovo\git\software-engineering-project\codes\App_frontEnd\android\app\jni\Sox\src\mcompand_xover.h", "C++", 80, 0, 0, 0, 0, 0, 0, 0, 0, 0, 0, 0, 0, 16, 11, 107
"c:\Users\Lenovo\git\software-engineering-project\codes\App_frontEnd\android\app\jni\Sox\src\mp3-util.h", "C++", 129, 0, 0, 0, 0, 0, 0, 0, 0, 0, 0, 0, 0, 21, 22, 172
"c:\Users\Lenovo\git\software-engineering-project\codes\App_frontEnd\android\app\jni\Sox\src\mp3.c", "C", 0, 0, 0, 0, 0, 0, 0, 0, 991, 0, 0, 0, 0, 137, 172, 1300
"c:\Users\Lenovo\git\software-engineering-project\codes\App_frontEnd\android\app\jni\Sox\src\noiseprof.c", "C", 0, 0, 0, 0, 0, 0, 0, 0, 146, 0, 0, 0, 0, 39, 39, 224
"c:\Users\Lenovo\git\software-engineering-project\codes\App_frontEnd\android\app\jni\Sox\src\noisered.c", "C", 0, 0, 0, 0, 0, 0, 0, 0, 263, 0, 0, 0, 0, 39, 56, 358
"c:\Users\Lenovo\git\software-engineering-project\codes\App_frontEnd\android\app\jni\Sox\src\noisered.h", "C++", 5, 0, 0, 0, 0, 0, 0, 0, 0, 0, 0, 0, 0, 19, 3, 27
"c:\Users\Lenovo\git\software-engineering-project\codes\App_frontEnd\android\app\jni\Sox\src\nulfile.c", "C", 0, 0, 0, 0, 0, 0, 0, 0, 33, 0, 0, 0, 0, 20, 6, 59
"c:\Users\Lenovo\git\software-engineering-project\codes\App_frontEnd\android\app\jni\Sox\src\opus.c", "C", 0, 0, 0, 0, 0, 0, 0, 0, 140, 0, 0, 0, 0, 55, 41, 236
"c:\Users\Lenovo\git\software-engineering-project\codes\App_frontEnd\android\app\jni\Sox\src\oss.c", "C", 0, 0, 0, 0, 0, 0, 0, 0, 361, 0, 0, 0, 0, 54, 32, 447
"c:\Users\Lenovo\git\software-engineering-project\codes\App_frontEnd\android\app\jni\Sox\src\output.c", "C", 0, 0, 0, 0, 0, 0, 0, 0, 29, 0, 0, 0, 0, 22, 9, 60
"c:\Users\Lenovo\git\software-engineering-project\codes\App_frontEnd\android\app\jni\Sox\src\overdrive.c", "C", 0, 0, 0, 0, 0, 0, 0, 0, 47, 0, 0, 0, 0, 16, 9, 72
"c:\Users\Lenovo\git\software-engineering-project\codes\App_frontEnd\android\app\jni\Sox\src\pad.c", "C", 0, 0, 0, 0, 0, 0, 0, 0, 135, 0, 0, 0, 0, 26, 20, 181
"c:\Users\Lenovo\git\software-engineering-project\codes\App_frontEnd\android\app\jni\Sox\src\paf.c", "C", 0, 0, 0, 0, 0, 0, 0, 0, 13, 0, 0, 0, 0, 16, 3, 32
"c:\Users\Lenovo\git\software-engineering-project\codes\App_frontEnd\android\app\jni\Sox\src\phaser.c", "C", 0, 0, 0, 0, 0, 0, 0, 0, 82, 0, 0, 0, 0, 43, 23, 148
"c:\Users\Lenovo\git\software-engineering-project\codes\App_frontEnd\android\app\jni\Sox\src\prc.c", "C", 0, 0, 0, 0, 0, 0, 0, 0, 300, 0, 0, 0, 0, 88, 62, 450
"c:\Users\Lenovo\git\software-engineering-project\codes\App_frontEnd\android\app\jni\Sox\src\pulseaudio.c", "C", 0, 0, 0, 0, 0, 0, 0, 0, 119, 0, 0, 0, 0, 21, 33, 173
"c:\Users\Lenovo\git\software-engineering-project\codes\App_frontEnd\android\app\jni\Sox\src\pvf.c", "C", 0, 0, 0, 0, 0, 0, 0, 0, 12, 0, 0, 0, 0, 16, 3, 31
"c:\Users\Lenovo\git\software-engineering-project\codes\App_frontEnd\android\app\jni\Sox\src\rate.c", "C", 0, 0, 0, 0, 0, 0, 0, 0, 610, 0, 0, 0, 0, 26, 77, 713
"c:\Users\Lenovo\git\software-engineering-project\codes\App_frontEnd\android\app\jni\Sox\src\rate_filters.h", "C++", 149, 0, 0, 0, 0, 0, 0, 0, 0, 0, 0, 0, 0, 16, 23, 188
"c:\Users\Lenovo\git\software-engineering-project\codes\App_frontEnd\android\app\jni\Sox\src\rate_half_fir.h", "C++", 18, 0, 0, 0, 0, 0, 0, 0, 0, 0, 0, 0, 0, 18, 4, 40
"c:\Users\Lenovo\git\software-engineering-project\codes\App_frontEnd\android\app\jni\Sox\src\rate_poly_fir.h", "C++", 68, 0, 0, 0, 0, 0, 0, 0, 0, 0, 0, 0, 0, 18, 6, 92
"c:\Users\Lenovo\git\software-engineering-project\codes\App_frontEnd\android\app\jni\Sox\src\rate_poly_fir0.h", "C++", 25, 0, 0, 0, 0, 0, 0, 0, 0, 0, 0, 0, 0, 18, 6, 49
"c:\Users\Lenovo\git\software-engineering-project\codes\App_frontEnd\android\app\jni\Sox\src\raw-fmt.c", "C", 0, 0, 0, 0, 0, 0, 0, 0, 40, 0, 0, 0, 0, 16, 6, 62
"c:\Users\Lenovo\git\software-engineering-project\codes\App_frontEnd\android\app\jni\Sox\src\raw.c", "C", 0, 0, 0, 0, 0, 0, 0, 0, 161, 0, 0, 0, 0, 12, 24, 197
"c:\Users\Lenovo\git\software-engineering-project\codes\App_frontEnd\android\app\jni\Sox\src\raw.h", "C++", 32, 0, 0, 0, 0, 0, 0, 0, 0, 0, 0, 0, 0, 16, 7, 55
"c:\Users\Lenovo\git\software-engineering-project\codes\App_frontEnd\android\app\jni\Sox\src\remix.c", "C", 0, 0, 0, 0, 0, 0, 0, 0, 240, 0, 0, 0, 0, 18, 27, 285
"c:\Users\Lenovo\git\software-engineering-project\codes\App_frontEnd\android\app\jni\Sox\src\repeat.c", "C", 0, 0, 0, 0, 0, 0, 0, 0, 85, 0, 0, 0, 0, 17, 13, 115
"c:\Users\Lenovo\git\software-engineering-project\codes\App_frontEnd\android\app\jni\Sox\src\reverb.c", "C", 0, 0, 0, 0, 0, 0, 0, 0, 225, 0, 0, 0, 0, 19, 34, 278
"c:\Users\Lenovo\git\software-engineering-project\codes\App_frontEnd\android\app\jni\Sox\src\reverse.c", "C", 0, 0, 0, 0, 0, 0, 0, 0, 67, 0, 0, 0, 0, 10, 10, 87
"c:\Users\Lenovo\git\software-engineering-project\codes\App_frontEnd\android\app\jni\Sox\src\s1-fmt.c", "C", 0, 0, 0, 0, 0, 0, 0, 0, 3, 0, 0, 0, 0, 16, 3, 22
"c:\Users\Lenovo\git\software-engineering-project\codes\App_frontEnd\android\app\jni\Sox\src\s2-fmt.c", "C", 0, 0, 0, 0, 0, 0, 0, 0, 3, 0, 0, 0, 0, 16, 3, 22
"c:\Users\Lenovo\git\software-engineering-project\codes\App_frontEnd\android\app\jni\Sox\src\s3-fmt.c", "C", 0, 0, 0, 0, 0, 0, 0, 0, 3, 0, 0, 0, 0, 16, 3, 22
"c:\Users\Lenovo\git\software-engineering-project\codes\App_frontEnd\android\app\jni\Sox\src\s4-fmt.c", "C", 0, 0, 0, 0, 0, 0, 0, 0, 3, 0, 0, 0, 0, 16, 3, 22
"c:\Users\Lenovo\git\software-engineering-project\codes\App_frontEnd\android\app\jni\Sox\src\sd2.c", "C", 0, 0, 0, 0, 0, 0, 0, 0, 12, 0, 0, 0, 0, 16, 3, 31
"c:\Users\Lenovo\git\software-engineering-project\codes\App_frontEnd\android\app\jni\Sox\src\sf.c", "C", 0, 0, 0, 0, 0, 0, 0, 0, 122, 0, 0, 0, 0, 19, 14, 155
"c:\Users\Lenovo\git\software-engineering-project\codes\App_frontEnd\android\app\jni\Sox\src\silence.c", "C", 0, 0, 0, 0, 0, 0, 0, 0, 488, 0, 0, 0, 0, 124, 79, 691
"c:\Users\Lenovo\git\software-engineering-project\codes\App_frontEnd\android\app\jni\Sox\src\sinc.c", "C", 0, 0, 0, 0, 0, 0, 0, 0, 127, 0, 0, 0, 0, 16, 15, 158
"c:\Users\Lenovo\git\software-engineering-project\codes\App_frontEnd\android\app\jni\Sox\src\skeleff.c", "C", 0, 0, 0, 0, 0, 0, 0, 0, 63, 0, 0, 0, 0, 61, 18, 142
"c:\Users\Lenovo\git\software-engineering-project\codes\App_frontEnd\android\app\jni\Sox\src\skelform.c", "C", 0, 0, 0, 0, 0, 0, 0, 0, 117, 0, 0, 0, 0, 71, 31, 219
"c:\Users\Lenovo\git\software-engineering-project\codes\App_frontEnd\android\app\jni\Sox\src\smp.c", "C", 0, 0, 0, 0, 0, 0, 0, 0, 306, 0, 0, 0, 0, 68, 45, 419
"c:\Users\Lenovo\git\software-engineering-project\codes\App_frontEnd\android\app\jni\Sox\src\sndfile.c", "C", 0, 0, 0, 0, 0, 0, 0, 0, 401, 0, 0, 0, 0, 65, 67, 533
"c:\Users\Lenovo\git\software-engineering-project\codes\App_frontEnd\android\app\jni\Sox\src\sndio.c", "C", 0, 0, 0, 0, 0, 0, 0, 0, 203, 0, 0, 0, 0, 26, 18, 247
"c:\Users\Lenovo\git\software-engineering-project\codes\App_frontEnd\android\app\jni\Sox\src\sounder.c", "C", 0, 0, 0, 0, 0, 0, 0, 0, 33, 0, 0, 0, 0, 17, 6, 56
"c:\Users\Lenovo\git\software-engineering-project\codes\App_frontEnd\android\app\jni\Sox\src\soundtool.c", "C", 0, 0, 0, 0, 0, 0, 0, 0, 54, 0, 0, 0, 0, 17, 8, 79
"c:\Users\Lenovo\git\software-engineering-project\codes\App_frontEnd\android\app\jni\Sox\src\sox-fmt.c", "C", 0, 0, 0, 0, 0, 0, 0, 0, 78, 0, 0, 0, 0, 19, 12, 109
"c:\Users\Lenovo\git\software-engineering-project\codes\App_frontEnd\android\app\jni\Sox\src\sox.c", "C", 0, 0, 0, 0, 0, 0, 0, 0, 2445, 0, 0, 0, 0, 246, 346, 3037
"c:\Users\Lenovo\git\software-engineering-project\codes\App_frontEnd\android\app\jni\Sox\src\sox.h", "C++", 1060, 0, 0, 0, 0, 0, 0, 0, 0, 0, 0, 0, 0, 1283, 261, 2604
"c:\Users\Lenovo\git\software-engineering-project\codes\App_frontEnd\android\app\jni\Sox\src\sox_i.h", "C++", 290, 0, 0, 0, 0, 0, 0, 0, 0, 0, 0, 0, 0, 59, 68, 417
"c:\Users\Lenovo\git\software-engineering-project\codes\App_frontEnd\android\app\jni\Sox\src\sox_sample_test.c", "C", 0, 0, 0, 0, 0, 0, 0, 0, 159, 0, 0, 0, 0, 16, 16, 191
"c:\Users\Lenovo\git\software-engineering-project\codes\App_frontEnd\android\app\jni\Sox\src\soxconfig.h", "C++", 53, 0, 0, 0, 0, 0, 0, 0, 0, 0, 0, 0, 0, 239, 138, 430
"c:\Users\Lenovo\git\software-engineering-project\codes\App_frontEnd\android\app\jni\Sox\src\soxomp.h", "C++", 37, 0, 0, 0, 0, 0, 0, 0, 0, 0, 0, 0, 0, 0, 11, 48
"c:\Users\Lenovo\git\software-engineering-project\codes\App_frontEnd\android\app\jni\Sox\src\spectrogram.c", "C", 0, 0, 0, 0, 0, 0, 0, 0, 834, 0, 0, 0, 0, 30, 146, 1010
"c:\Users\Lenovo\git\software-engineering-project\codes\App_frontEnd\android\app\jni\Sox\src\speed.c", "C", 0, 0, 0, 0, 0, 0, 0, 0, 40, 0, 0, 0, 0, 23, 11, 74
"c:\Users\Lenovo\git\software-engineering-project\codes\App_frontEnd\android\app\jni\Sox\src\speexdsp.c", "C", 0, 0, 0, 0, 0, 0, 0, 0, 250, 0, 0, 0, 0, 62, 38, 350
"c:\Users\Lenovo\git\software-engineering-project\codes\App_frontEnd\android\app\jni\Sox\src\sphere.c", "C", 0, 0, 0, 0, 0, 0, 0, 0, 146, 0, 0, 0, 0, 24, 30, 200
"c:\Users\Lenovo\git\software-engineering-project\codes\App_frontEnd\android\app\jni\Sox\src\splice.c", "C", 0, 0, 0, 0, 0, 0, 0, 0, 256, 0, 0, 0, 0, 17, 30, 303
"c:\Users\Lenovo\git\software-engineering-project\codes\App_frontEnd\android\app\jni\Sox\src\stat.c", "C", 0, 0, 0, 0, 0, 0, 0, 0, 239, 0, 0, 0, 0, 44, 54, 337
"c:\Users\Lenovo\git\software-engineering-project\codes\App_frontEnd\android\app\jni\Sox\src\stats.c", "C", 0, 0, 0, 0, 0, 0, 0, 0, 245, 0, 0, 0, 0, 16, 38, 299
"c:\Users\Lenovo\git\software-engineering-project\codes\App_frontEnd\android\app\jni\Sox\src\stretch.c", "C", 0, 0, 0, 0, 0, 0, 0, 0, 212, 0, 0, 0, 0, 50, 65, 327
"c:\Users\Lenovo\git\software-engineering-project\codes\App_frontEnd\android\app\jni\Sox\src\sunaudio.c", "C", 0, 0, 0, 0, 0, 0, 0, 0, 447, 0, 0, 0, 0, 29, 45, 521
"c:\Users\Lenovo\git\software-engineering-project\codes\App_frontEnd\android\app\jni\Sox\src\swap.c", "C", 0, 0, 0, 0, 0, 0, 0, 0, 34, 0, 0, 0, 0, 22, 7, 63
"c:\Users\Lenovo\git\software-engineering-project\codes\App_frontEnd\android\app\jni\Sox\src\synth.c", "C", 0, 0, 0, 0, 0, 0, 0, 0, 490, 0, 0, 0, 0, 92, 96, 678
"c:\Users\Lenovo\git\software-engineering-project\codes\App_frontEnd\android\app\jni\Sox\src\tempo.c", "C", 0, 0, 0, 0, 0, 0, 0, 0, 282, 0, 0, 0, 0, 31, 48, 361
"c:\Users\Lenovo\git\software-engineering-project\codes\App_frontEnd\android\app\jni\Sox\src\testall.bat", "Batch", 0, 0, 0, 0, 0, 0, 0, 0, 0, 0, 0, 42, 0, 0, 7, 49
"c:\Users\Lenovo\git\software-engineering-project\codes\App_frontEnd\android\app\jni\Sox\src\testall.sh", "Shell Script", 0, 0, 0, 0, 0, 0, 0, 0, 0, 0, 59, 0, 0, 2, 9, 70
"c:\Users\Lenovo\git\software-engineering-project\codes\App_frontEnd\android\app\jni\Sox\src\tests.bat", "Batch", 0, 0, 0, 0, 0, 0, 0, 0, 0, 0, 0, 64, 0, 0, 18, 82
"c:\Users\Lenovo\git\software-engineering-project\codes\App_frontEnd\android\app\jni\Sox\src\tests.sh", "Shell Script", 0, 0, 0, 0, 0, 0, 0, 0, 0, 0, 209, 0, 0, 14, 50, 273
"c:\Users\Lenovo\git\software-engineering-project\codes\App_frontEnd\android\app\jni\Sox\src\tremolo.c", "C", 0, 0, 0, 0, 0, 0, 0, 0, 27, 0, 0, 0, 0, 16, 5, 48
"c:\Users\Lenovo\git\software-engineering-project\codes\App_frontEnd\android\app\jni\Sox\src\trim.c", "C", 0, 0, 0, 0, 0, 0, 0, 0, 157, 0, 0, 0, 0, 36, 24, 217
"c:\Users\Lenovo\git\software-engineering-project\codes\App_frontEnd\android\app\jni\Sox\src\tx16w.c", "C", 0, 0, 0, 0, 0, 0, 0, 0, 248, 0, 0, 0, 0, 93, 42, 383
"c:\Users\Lenovo\git\software-engineering-project\codes\App_frontEnd\android\app\jni\Sox\src\u1-fmt.c", "C", 0, 0, 0, 0, 0, 0, 0, 0, 3, 0, 0, 0, 0, 16, 3, 22
"c:\Users\Lenovo\git\software-engineering-project\codes\App_frontEnd\android\app\jni\Sox\src\u2-fmt.c", "C", 0, 0, 0, 0, 0, 0, 0, 0, 3, 0, 0, 0, 0, 16, 3, 22
"c:\Users\Lenovo\git\software-engineering-project\codes\App_frontEnd\android\app\jni\Sox\src\u3-fmt.c", "C", 0, 0, 0, 0, 0, 0, 0, 0, 3, 0, 0, 0, 0, 16, 3, 22
"c:\Users\Lenovo\git\software-engineering-project\codes\App_frontEnd\android\app\jni\Sox\src\u4-fmt.c", "C", 0, 0, 0, 0, 0, 0, 0, 0, 3, 0, 0, 0, 0, 16, 3, 22
"c:\Users\Lenovo\git\software-engineering-project\codes\App_frontEnd\android\app\jni\Sox\src\ul-fmt.c", "C", 0, 0, 0, 0, 0, 0, 0, 0, 3, 0, 0, 0, 0, 16, 3, 22
"c:\Users\Lenovo\git\software-engineering-project\codes\App_frontEnd\android\app\jni\Sox\src\upsample.c", "C", 0, 0, 0, 0, 0, 0, 0, 0, 39, 0, 0, 0, 0, 19, 7, 65
"c:\Users\Lenovo\git\software-engineering-project\codes\App_frontEnd\android\app\jni\Sox\src\util.c", "C", 0, 0, 0, 0, 0, 0, 0, 0, 257, 0, 0, 0, 0, 24, 24, 305
"c:\Users\Lenovo\git\software-engineering-project\codes\App_frontEnd\android\app\jni\Sox\src\util.h", "C++", 129, 0, 0, 0, 0, 0, 0, 0, 0, 0, 0, 0, 0, 24, 32, 185
"c:\Users\Lenovo\git\software-engineering-project\codes\App_frontEnd\android\app\jni\Sox\src\vad.c", "C", 0, 0, 0, 0, 0, 0, 0, 0, 275, 0, 0, 0, 0, 17, 38, 330
"c:\Users\Lenovo\git\software-engineering-project\codes\App_frontEnd\android\app\jni\Sox\src\voc.c", "C", 0, 0, 0, 0, 0, 0, 0, 0, 512, 0, 0, 0, 0, 251, 53, 816
"c:\Users\Lenovo\git\software-engineering-project\codes\App_frontEnd\android\app\jni\Sox\src\vol.c", "C", 0, 0, 0, 0, 0, 0, 0, 0, 128, 0, 0, 0, 0, 32, 25, 185
"c:\Users\Lenovo\git\software-engineering-project\codes\App_frontEnd\android\app\jni\Sox\src\vorbis.c", "C", 0, 0, 0, 0, 0, 0, 0, 0, 283, 0, 0, 0, 0, 68, 79, 430
"c:\Users\Lenovo\git\software-engineering-project\codes\App_frontEnd\android\app\jni\Sox\src\vox-fmt.c", "C", 0, 0, 0, 0, 0, 0, 0, 0, 15, 0, 0, 0, 0, 16, 3, 34
"c:\Users\Lenovo\git\software-engineering-project\codes\App_frontEnd\android\app\jni\Sox\src\vox.c", "C", 0, 0, 0, 0, 0, 0, 0, 0, 27, 0, 0, 0, 0, 12, 9, 48
"c:\Users\Lenovo\git\software-engineering-project\codes\App_frontEnd\android\app\jni\Sox\src\vox.h", "C++", 6, 0, 0, 0, 0, 0, 0, 0, 0, 0, 0, 0, 0, 16, 2, 24
"c:\Users\Lenovo\git\software-engineering-project\codes\App_frontEnd\android\app\jni\Sox\src\w64.c", "C", 0, 0, 0, 0, 0, 0, 0, 0, 21, 0, 0, 0, 0, 16, 3, 40
"c:\Users\Lenovo\git\software-engineering-project\codes\App_frontEnd\android\app\jni\Sox\src\wav.c", "C", 0, 0, 0, 0, 0, 0, 0, 0, 1193, 0, 0, 0, 0, 208, 250, 1651
"c:\Users\Lenovo\git\software-engineering-project\codes\App_frontEnd\android\app\jni\Sox\src\waveaudio.c", "C", 0, 0, 0, 0, 0, 0, 0, 0, 428, 0, 0, 0, 0, 46, 61, 535
"c:\Users\Lenovo\git\software-engineering-project\codes\App_frontEnd\android\app\jni\Sox\src\wavpack.c", "C", 0, 0, 0, 0, 0, 0, 0, 0, 169, 0, 0, 0, 0, 16, 22, 207
"c:\Users\Lenovo\git\software-engineering-project\codes\App_frontEnd\android\app\jni\Sox\src\win32\glob.c", "C", 0, 0, 0, 0, 0, 0, 0, 0, 136, 0, 0, 0, 0, 16, 19, 171
"c:\Users\Lenovo\git\software-engineering-project\codes\App_frontEnd\android\app\jni\Sox\src\win32\glob.h", "C++", 25, 0, 0, 0, 0, 0, 0, 0, 0, 0, 0, 0, 0, 16, 9, 50
"c:\Users\Lenovo\git\software-engineering-project\codes\App_frontEnd\android\app\jni\Sox\src\wve.c", "C", 0, 0, 0, 0, 0, 0, 0, 0, 39, 0, 0, 0, 0, 18, 7, 64
"c:\Users\Lenovo\git\software-engineering-project\codes\App_frontEnd\android\app\jni\Sox\src\xa.c", "C", 0, 0, 0, 0, 0, 0, 0, 0, 215, 0, 0, 0, 0, 45, 38, 298
"c:\Users\Lenovo\git\software-engineering-project\codes\App_frontEnd\android\app\jni\Sox\src\xi.c", "C", 0, 0, 0, 0, 0, 0, 0, 0, 12, 0, 0, 0, 0, 16, 3, 31
"c:\Users\Lenovo\git\software-engineering-project\codes\App_frontEnd\android\app\jni\Sox\src\xmalloc.c", "C", 0, 0, 0, 0, 0, 0, 0, 0, 38, 0, 0, 0, 0, 25, 11, 74
"c:\Users\Lenovo\git\software-engineering-project\codes\App_frontEnd\android\app\jni\Sox\src\xmalloc.h", "C++", 13, 0, 0, 0, 0, 0, 0, 0, 0, 0, 0, 0, 0, 18, 6, 37
"c:\Users\Lenovo\git\software-engineering-project\codes\App_frontEnd\android\app\jni\com_kgeapp_rnnoise_RNNoise.h", "C++", 16, 0, 0, 0, 0, 0, 0, 0, 0, 0, 0, 0, 0, 8, 3, 27
"c:\Users\Lenovo\git\software-engineering-project\codes\App_frontEnd\android\app\jni\src\_kiss_fft_guts.h", "C++", 114, 0, 0, 0, 0, 0, 0, 0, 0, 0, 0, 0, 0, 39, 30, 183
"c:\Users\Lenovo\git\software-engineering-project\codes\App_frontEnd\android\app\jni\src\arch.h", "C++", 174, 0, 0, 0, 0, 0, 0, 0, 0, 0, 0, 0, 0, 40, 48, 262
"c:\Users\Lenovo\git\software-engineering-project\codes\App_frontEnd\android\app\jni\src\celt_lpc.c", "C", 0, 0, 0, 0, 0, 0, 0, 0, 235, 0, 0, 0, 0, 31, 14, 280
"c:\Users\Lenovo\git\software-engineering-project\codes\App_frontEnd\android\app\jni\src\celt_lpc.h", "C++", 24, 0, 0, 0, 0, 0, 0, 0, 0, 0, 0, 0, 0, 26, 10, 60
"c:\Users\Lenovo\git\software-engineering-project\codes\App_frontEnd\android\app\jni\src\common.h", "C++", 28, 0, 0, 0, 0, 0, 0, 0, 0, 0, 0, 0, 0, 7, 14, 49
"c:\Users\Lenovo\git\software-engineering-project\codes\App_frontEnd\android\app\jni\src\denoise.c", "C", 0, 0, 0, 0, 0, 0, 0, 0, 564, 0, 0, 0, 0, 32, 51, 647
"c:\Users\Lenovo\git\software-engineering-project\codes\App_frontEnd\android\app\jni\src\kiss_fft.c", "C", 0, 0, 0, 0, 0, 0, 0, 0, 476, 0, 0, 0, 0, 59, 67, 602
"c:\Users\Lenovo\git\software-engineering-project\codes\App_frontEnd\android\app\jni\src\kiss_fft.h", "C++", 99, 0, 0, 0, 0, 0, 0, 0, 0, 0, 0, 0, 0, 66, 39, 204
"c:\Users\Lenovo\git\software-engineering-project\codes\App_frontEnd\android\app\jni\src\opus_types.h", "C++", 92, 0, 0, 0, 0, 0, 0, 0, 0, 0, 0, 0, 0, 39, 29, 160
"c:\Users\Lenovo\git\software-engineering-project\codes\App_frontEnd\android\app\jni\src\pitch.c", "C", 0, 0, 0, 0, 0, 0, 0, 0, 441, 0, 0, 0, 0, 54, 32, 527
"c:\Users\Lenovo\git\software-engineering-project\codes\App_frontEnd\android\app\jni\src\pitch.h", "C++", 100, 0, 0, 0, 0, 0, 0, 0, 0, 0, 0, 0, 0, 37, 13, 150
"c:\Users\Lenovo\git\software-engineering-project\codes\App_frontEnd\android\app\jni\src\rnn.c", "C", 0, 0, 0, 0, 0, 0, 0, 0, 136, 0, 0, 0, 0, 32, 11, 179
"c:\Users\Lenovo\git\software-engineering-project\codes\App_frontEnd\android\app\jni\src\rnn.h", "C++", 30, 0, 0, 0, 0, 0, 0, 0, 0, 0, 0, 0, 0, 25, 15, 70
"c:\Users\Lenovo\git\software-engineering-project\codes\App_frontEnd\android\app\jni\src\rnn_data.c", "C", 0, 0, 0, 0, 0, 0, 0, 0, 11021, 0, 0, 0, 0, 1, 30, 11052
"c:\Users\Lenovo\git\software-engineering-project\codes\App_frontEnd\android\app\jni\src\rnn_data.h", "C++", 24, 0, 0, 0, 0, 0, 0, 0, 0, 0, 0, 0, 0, 0, 11, 35
"c:\Users\Lenovo\git\software-engineering-project\codes\App_frontEnd\android\app\jni\src\rnn_reader.c", "C", 0, 0, 0, 0, 0, 0, 0, 0, 123, 0, 0, 0, 0, 27, 19, 169
"c:\Users\Lenovo\git\software-engineering-project\codes\App_frontEnd\android\app\jni\src\rnnoise.h", "C++", 33, 0, 0, 0, 0, 0, 0, 0, 0, 0, 0, 0, 0, 66, 16, 115
"c:\Users\Lenovo\git\software-engineering-project\codes\App_frontEnd\android\app\jni\src\tansig_table.h", "C++", 43, 0, 0, 0, 0, 0, 0, 0, 0, 0, 0, 0, 0, 1, 2, 46
"c:\Users\Lenovo\git\software-engineering-project\codes\App_frontEnd\android\app\src\debug\AndroidManifest.xml", "XML", 0, 0, 0, 0, 0, 6, 0, 0, 0, 0, 0, 0, 0, 0, 3, 9
"c:\Users\Lenovo\git\software-engineering-project\codes\App_frontEnd\android\app\src\debug\java\com\kgeapp\ReactNativeFlipper.java", "Java", 0, 0, 0, 0, 0, 0, 59, 0, 0, 0, 0, 0, 0, 8, 6, 73
"c:\Users\Lenovo\git\software-engineering-project\codes\App_frontEnd\android\app\src\main\AndroidManifest.xml", "XML", 0, 0, 0, 0, 0, 28, 0, 0, 0, 0, 0, 0, 0, 0, 4, 32
"c:\Users\Lenovo\git\software-engineering-project\codes\App_frontEnd\android\app\src\main\java\com\kgeapp\AecmModule.java", "Java", 0, 0, 0, 0, 0, 0, 37, 0, 0, 0, 0, 0, 0, 3, 11, 51
"c:\Users\Lenovo\git\software-engineering-project\codes\App_frontEnd\android\app\src\main\java\com\kgeapp\AudioRecordModule.java", "Java", 0, 0, 0, 0, 0, 0, 93, 0, 0, 0, 0, 0, 0, 97, 35, 225
"c:\Users\Lenovo\git\software-engineering-project\codes\App_frontEnd\android\app\src\main\java\com\kgeapp\MainActivity.java", "Java", 0, 0, 0, 0, 0, 0, 8, 0, 0, 0, 0, 0, 0, 4, 4, 16
"c:\Users\Lenovo\git\software-engineering-project\codes\App_frontEnd\android\app\src\main\java\com\kgeapp\MainApplication.java", "Java", 0, 0, 0, 0, 0, 0, 60, 0, 0, 0, 0, 0, 0, 16, 9, 85
"c:\Users\Lenovo\git\software-engineering-project\codes\App_frontEnd\android\app\src\main\java\com\kgeapp\NSPackage.java", "Java", 0, 0, 0, 0, 0, 0, 21, 0, 0, 0, 0, 0, 0, 0, 9, 30
"c:\Users\Lenovo\git\software-engineering-project\codes\App_frontEnd\android\app\src\main\java\com\kgeapp\NativePackage.java", "Java", 0, 0, 0, 0, 0, 0, 25, 0, 0, 0, 0, 0, 0, 0, 8, 33
"c:\Users\Lenovo\git\software-engineering-project\codes\App_frontEnd\android\app\src\main\java\com\kgeapp\NoiseModule.java", "Java", 0, 0, 0, 0, 0, 0, 29, 0, 0, 0, 0, 0, 0, 2, 11, 42
"c:\Users\Lenovo\git\software-engineering-project\codes\App_frontEnd\android\app\src\main\java\com\kgeapp\SaveAudioModule.java", "Java", 0, 0, 0, 0, 0, 0, 166, 0, 0, 0, 0, 0, 0, 8, 19, 193
"c:\Users\Lenovo\git\software-engineering-project\codes\App_frontEnd\android\app\src\main\java\com\kgeapp\SoxModule.java", "Java", 0, 0, 0, 0, 0, 0, 98, 0, 0, 0, 0, 0, 0, 2, 19, 119
"c:\Users\Lenovo\git\software-engineering-project\codes\App_frontEnd\android\app\src\main\java\com\kgeapp\aecm\AECM.class", "Java", 0, 0, 0, 0, 0, 0, 15, 0, 0, 0, 0, 0, 0, 0, 0, 15
"c:\Users\Lenovo\git\software-engineering-project\codes\App_frontEnd\android\app\src\main\java\com\kgeapp\aecm\AECM.java", "Java", 0, 0, 0, 0, 0, 0, 30, 0, 0, 0, 0, 0, 0, 0, 10, 40
"c:\Users\Lenovo\git\software-engineering-project\codes\App_frontEnd\android\app\src\main\java\com\kgeapp\aecm\com_kgeapp_aecm_jni_AECM.h", "C++", 12, 0, 0, 0, 0, 0, 0, 0, 0, 0, 0, 0, 0, 7, 3, 22
"c:\Users\Lenovo\git\software-engineering-project\codes\App_frontEnd\android\app\src\main\java\com\kgeapp\rnnoise\RNNoise.class", "Java", 0, 0, 0, 0, 0, 0, 4, 0, 0, 0, 0, 0, 0, 0, 1, 5
"c:\Users\Lenovo\git\software-engineering-project\codes\App_frontEnd\android\app\src\main\java\com\kgeapp\rnnoise\RNNoise.java", "Java", 0, 0, 0, 0, 0, 0, 23, 0, 0, 0, 0, 0, 0, 0, 9, 32
"c:\Users\Lenovo\git\software-engineering-project\codes\App_frontEnd\android\app\src\main\java\com\kgeapp\sox\com_kgeapp_sox_jni_sox.h", "C++", 36, 0, 0, 0, 0, 0, 0, 0, 0, 0, 0, 0, 0, 67, 15, 118
"c:\Users\Lenovo\git\software-engineering-project\codes\App_frontEnd\android\app\src\main\java\com\kgeapp\sox\sox.class", "Java", 0, 0, 0, 0, 0, 0, 78, 0, 0, 0, 0, 0, 0, 0, 0, 78
"c:\Users\Lenovo\git\software-engineering-project\codes\App_frontEnd\android\app\src\main\java\com\kgeapp\sox\sox.java", "Java", 0, 0, 0, 0, 0, 0, 67, 0, 0, 0, 0, 0, 0, 0, 40, 107
"c:\Users\Lenovo\git\software-engineering-project\codes\App_frontEnd\android\app\src\main\res\values\strings.xml", "XML", 0, 0, 0, 0, 0, 3, 0, 0, 0, 0, 0, 0, 0, 0, 1, 4
"c:\Users\Lenovo\git\software-engineering-project\codes\App_frontEnd\android\app\src\main\res\values\styles.xml", "XML", 0, 0, 0, 0, 0, 5, 0, 0, 0, 0, 0, 0, 0, 2, 3, 10
"c:\Users\Lenovo\git\software-engineering-project\codes\App_frontEnd\android\build.gradle", "Groovy", 0, 0, 0, 0, 33, 0, 0, 0, 0, 0, 0, 0, 0, 5, 6, 44
"c:\Users\Lenovo\git\software-engineering-project\codes\App_frontEnd\android\gradle.properties", "Properties", 0, 0, 0, 0, 0, 0, 0, 0, 0, 0, 0, 0, 3, 19, 9, 31
"c:\Users\Lenovo\git\software-engineering-project\codes\App_frontEnd\android\gradle\wrapper\gradle-wrapper.properties", "Properties", 0, 0, 0, 0, 0, 0, 0, 0, 0, 0, 0, 0, 5, 0, 2, 7
"c:\Users\Lenovo\git\software-engineering-project\codes\App_frontEnd\android\gradlew.bat", "Batch", 0, 0, 0, 0, 0, 0, 0, 0, 0, 0, 0, 78, 0, 0, 26, 104
"c:\Users\Lenovo\git\software-engineering-project\codes\App_frontEnd\android\settings.gradle", "Groovy", 0, 0, 0, 0, 5, 0, 0, 0, 0, 0, 0, 0, 0, 0, 1, 6
"c:\Users\Lenovo\git\software-engineering-project\codes\App_frontEnd\app.json", "JSON", 0, 0, 4, 0, 0, 0, 0, 0, 0, 0, 0, 0, 0, 0, 0, 4
"c:\Users\Lenovo\git\software-engineering-project\codes\App_frontEnd\babel.config.js", "JavaScript", 0, 3, 0, 0, 0, 0, 0, 0, 0, 0, 0, 0, 0, 0, 1, 4
"c:\Users\Lenovo\git\software-engineering-project\codes\App_frontEnd\debug.log", "Log", 0, 0, 0, 1, 0, 0, 0, 0, 0, 0, 0, 0, 0, 0, 1, 2
"c:\Users\Lenovo\git\software-engineering-project\codes\App_frontEnd\index.js", "JavaScript", 0, 4, 0, 0, 0, 0, 0, 0, 0, 0, 0, 0, 0, 3, 3, 10
"c:\Users\Lenovo\git\software-engineering-project\codes\App_frontEnd\ios\kgeAppTests\kgeAppTests.m", "Objective-C", 0, 0, 0, 0, 0, 0, 0, 51, 0, 0, 0, 0, 0, 0, 15, 66
"c:\Users\Lenovo\git\software-engineering-project\codes\App_frontEnd\ios\kgeApp\AppDelegate.h", "C++", 5, 0, 0, 0, 0, 0, 0, 0, 0, 0, 0, 0, 0, 0, 4, 9
"c:\Users\Lenovo\git\software-engineering-project\codes\App_frontEnd\ios\kgeApp\AppDelegate.m", "Objective-C", 0, 0, 0, 0, 0, 0, 0, 48, 0, 0, 0, 0, 0, 0, 11, 59
"c:\Users\Lenovo\git\software-engineering-project\codes\App_frontEnd\ios\kgeApp\Images.xcassets\AppIcon.appiconset\Contents.json", "JSON", 0, 0, 38, 0, 0, 0, 0, 0, 0, 0, 0, 0, 0, 0, 0, 38
"c:\Users\Lenovo\git\software-engineering-project\codes\App_frontEnd\ios\kgeApp\Images.xcassets\Contents.json", "JSON", 0, 0, 6, 0, 0, 0, 0, 0, 0, 0, 0, 0, 0, 0, 1, 7
"c:\Users\Lenovo\git\software-engineering-project\codes\App_frontEnd\ios\kgeApp\LaunchScreen.storyboard", "XML", 0, 0, 0, 0, 0, 57, 0, 0, 0, 0, 0, 0, 0, 1, 1, 59
"c:\Users\Lenovo\git\software-engineering-project\codes\App_frontEnd\ios\kgeApp\main.m", "Objective-C", 0, 0, 0, 0, 0, 0, 0, 7, 0, 0, 0, 0, 0, 0, 3, 10
"c:\Users\Lenovo\git\software-engineering-project\codes\App_frontEnd\metro.config.js", "JavaScript", 0, 13, 0, 0, 0, 0, 0, 0, 0, 0, 0, 0, 0, 6, 2, 21
"c:\Users\Lenovo\git\software-engineering-project\codes\App_frontEnd\package-lock.json", "JSON", 0, 0, 10250, 0, 0, 0, 0, 0, 0, 0, 0, 0, 0, 0, 1, 10251
"c:\Users\Lenovo\git\software-engineering-project\codes\App_frontEnd\package.json", "JSON", 0, 0, 60, 0, 0, 0, 0, 0, 0, 0, 0, 0, 0, 0, 1, 61
"c:\Users\Lenovo\git\software-engineering-project\codes\App_frontEnd\src\components\Button\index.js", "JavaScript", 0, 41, 0, 0, 0, 0, 0, 0, 0, 0, 0, 0, 0, 3, 5, 49
"c:\Users\Lenovo\git\software-engineering-project\codes\App_frontEnd\src\components\Button_Icon\Button1.js", "JavaScript", 0, 63, 0, 0, 0, 0, 0, 0, 0, 0, 0, 0, 0, 3, 7, 73
"c:\Users\Lenovo\git\software-engineering-project\codes\App_frontEnd\src\components\Button_Icon\Button2.js", "JavaScript", 0, 63, 0, 0, 0, 0, 0, 0, 0, 0, 0, 0, 0, 3, 7, 73
"c:\Users\Lenovo\git\software-engineering-project\codes\App_frontEnd\src\components\Button_Icon\Button3.js", "JavaScript", 0, 63, 0, 0, 0, 0, 0, 0, 0, 0, 0, 0, 0, 3, 7, 73
"c:\Users\Lenovo\git\software-engineering-project\codes\App_frontEnd\src\components\Info_Form\index.js", "JavaScript", 0, 73, 0, 0, 0, 0, 0, 0, 0, 0, 0, 0, 0, 0, 5, 78
"c:\Users\Lenovo\git\software-engineering-project\codes\App_frontEnd\src\components\Layout\index.js", "JavaScript", 0, 46, 0, 0, 0, 0, 0, 0, 0, 0, 0, 0, 0, 12, 4, 62
"c:\Users\Lenovo\git\software-engineering-project\codes\App_frontEnd\src\components\Recorder2.0\Recorder_1.js", "JavaScript", 0, 115, 0, 0, 0, 0, 0, 0, 0, 0, 0, 0, 0, 2, 17, 134
"c:\Users\Lenovo\git\software-engineering-project\codes\App_frontEnd\src\components\Recorder2.0\Recorder_2.js", "JavaScript", 0, 151, 0, 0, 0, 0, 0, 0, 0, 0, 0, 0, 0, 12, 32, 195
"c:\Users\Lenovo\git\software-engineering-project\codes\App_frontEnd\src\components\Recorder\index.js", "JavaScript", 0, 302, 0, 0, 0, 0, 0, 0, 0, 0, 0, 0, 0, 45, 33, 380
"c:\Users\Lenovo\git\software-engineering-project\codes\App_frontEnd\src\components\Spectrum\index.js", "JavaScript", 0, 89, 0, 0, 0, 0, 0, 0, 0, 0, 0, 0, 0, 4, 9, 102
"c:\Users\Lenovo\git\software-engineering-project\codes\App_frontEnd\src\components\Topbar\index.js", "JavaScript", 0, 33, 0, 0, 0, 0, 0, 0, 0, 0, 0, 0, 0, 0, 3, 36
"c:\Users\Lenovo\git\software-engineering-project\codes\App_frontEnd\src\components\Topnav\index.js", "JavaScript", 0, 35, 0, 0, 0, 0, 0, 0, 0, 0, 0, 0, 0, 0, 3, 38
"c:\Users\Lenovo\git\software-engineering-project\codes\App_frontEnd\src\components\common\Loading.js", "JavaScript", 0, 73, 0, 0, 0, 0, 0, 0, 0, 0, 0, 0, 0, 0, 2, 75
"c:\Users\Lenovo\git\software-engineering-project\codes\App_frontEnd\src\components\common\Ready.js", "JavaScript", 0, 114, 0, 0, 0, 0, 0, 0, 0, 0, 0, 0, 0, 10, 7, 131
"c:\Users\Lenovo\git\software-engineering-project\codes\App_frontEnd\src\components\common\RootView.js", "JavaScript", 0, 29, 0, 0, 0, 0, 0, 0, 0, 0, 0, 0, 0, 0, 1, 30
"c:\Users\Lenovo\git\software-engineering-project\codes\App_frontEnd\src\components\searchinput\index.js", "JavaScript", 0, 29, 0, 0, 0, 0, 0, 0, 0, 0, 0, 0, 0, 0, 2, 31
"c:\Users\Lenovo\git\software-engineering-project\codes\App_frontEnd\src\global_Songs.js", "JavaScript", 0, 237, 0, 0, 0, 0, 0, 0, 0, 0, 0, 0, 0, 0, 8, 245
"c:\Users\Lenovo\git\software-engineering-project\codes\App_frontEnd\src\images\sky.js", "JavaScript", 0, 46, 0, 0, 0, 0, 0, 0, 0, 0, 0, 0, 0, 0, 2, 48
"c:\Users\Lenovo\git\software-engineering-project\codes\App_frontEnd\src\images\song.js", "JavaScript", 0, 225, 0, 0, 0, 0, 0, 0, 0, 0, 0, 0, 0, 61, 3, 289
"c:\Users\Lenovo\git\software-engineering-project\codes\App_frontEnd\src\nav.js", "JavaScript", 0, 72, 0, 0, 0, 0, 0, 0, 0, 0, 0, 0, 0, 2, 13, 87
"c:\Users\Lenovo\git\software-engineering-project\codes\App_frontEnd\src\pages\account\login\index.js", "JavaScript", 0, 382, 0, 0, 0, 0, 0, 0, 0, 0, 0, 0, 0, 91, 38, 511
"c:\Users\Lenovo\git\software-engineering-project\codes\App_frontEnd\src\pages\branchpages\findpage\index.js", "JavaScript", 0, 78, 0, 0, 0, 0, 0, 0, 0, 0, 0, 0, 0, 0, 6, 84
"c:\Users\Lenovo\git\software-engineering-project\codes\App_frontEnd\src\pages\branchpages\infopage\index.js", "JavaScript", 0, 81, 0, 0, 0, 0, 0, 0, 0, 0, 0, 0, 0, 31, 4, 116
"c:\Users\Lenovo\git\software-engineering-project\codes\App_frontEnd\src\pages\branchpages\mepage\index.js", "JavaScript", 0, 112, 0, 0, 0, 0, 0, 0, 0, 0, 0, 0, 0, 18, 13, 143
"c:\Users\Lenovo\git\software-engineering-project\codes\App_frontEnd\src\pages\branchpages\mepage\workspage\index.js", "JavaScript", 0, 76, 0, 0, 0, 0, 0, 0, 0, 0, 0, 0, 0, 32, 6, 114
"c:\Users\Lenovo\git\software-engineering-project\codes\App_frontEnd\src\pages\branchpages\messagepage\index.js", "JavaScript", 0, 97, 0, 0, 0, 0, 0, 0, 0, 0, 0, 0, 0, 0, 16, 113
"c:\Users\Lenovo\git\software-engineering-project\codes\App_frontEnd\src\pages\branchpages\newspage\detailpage\index.js", "JavaScript", 0, 41, 0, 0, 0, 0, 0, 0, 0, 0, 0, 0, 0, 0, 3, 44
"c:\Users\Lenovo\git\software-engineering-project\codes\App_frontEnd\src\pages\branchpages\newspage\index.js", "JavaScript", 0, 110, 0, 0, 0, 0, 0, 0, 0, 0, 0, 0, 0, 19, 11, 140
"c:\Users\Lenovo\git\software-engineering-project\codes\App_frontEnd\src\pages\branchpages\playpage\index.js", "JavaScript", 0, 19, 0, 0, 0, 0, 0, 0, 0, 0, 0, 0, 0, 0, 5, 24
"c:\Users\Lenovo\git\software-engineering-project\codes\App_frontEnd\src\pages\branchpages\selectpage\index.js", "JavaScript", 0, 123, 0, 0, 0, 0, 0, 0, 0, 0, 0, 0, 0, 14, 11, 148
"c:\Users\Lenovo\git\software-engineering-project\codes\App_frontEnd\src\pages\branchpages\singpage\choosepage\components\SongList.js", "JavaScript", 0, 145, 0, 0, 0, 0, 0, 0, 0, 0, 0, 0, 0, 82, 15, 242
"c:\Users\Lenovo\git\software-engineering-project\codes\App_frontEnd\src\pages\branchpages\singpage\choosepage\components\TopNav.js", "JavaScript", 0, 35, 0, 0, 0, 0, 0, 0, 0, 0, 0, 0, 0, 0, 3, 38
"c:\Users\Lenovo\git\software-engineering-project\codes\App_frontEnd\src\pages\branchpages\singpage\choosepage\index.js", "JavaScript", 0, 159, 0, 0, 0, 0, 0, 0, 0, 0, 0, 0, 0, 14, 23, 196
"c:\Users\Lenovo\git\software-engineering-project\codes\App_frontEnd\src\pages\branchpages\singpage\completepage\index.js", "JavaScript", 0, 267, 0, 0, 0, 0, 0, 0, 0, 0, 0, 0, 0, 6, 11, 284
"c:\Users\Lenovo\git\software-engineering-project\codes\App_frontEnd\src\pages\branchpages\singpage\components\MusicPlayer_complete.js", "JavaScript", 0, 288, 0, 0, 0, 0, 0, 0, 0, 0, 0, 0, 0, 88, 35, 411
"c:\Users\Lenovo\git\software-engineering-project\codes\App_frontEnd\src\pages\branchpages\singpage\components\selectButton.js", "JavaScript", 0, 70, 0, 0, 0, 0, 0, 0, 0, 0, 0, 0, 0, 4, 20, 94
"c:\Users\Lenovo\git\software-engineering-project\codes\App_frontEnd\src\pages\branchpages\singpage\components\singrefer.js", "JavaScript", 0, 27, 0, 0, 0, 0, 0, 0, 0, 0, 0, 0, 0, 1, 3, 31
"c:\Users\Lenovo\git\software-engineering-project\codes\App_frontEnd\src\pages\branchpages\singpage\index.js", "JavaScript", 0, 665, 0, 0, 0, 0, 0, 0, 0, 0, 0, 0, 0, 48, 57, 770
"c:\Users\Lenovo\git\software-engineering-project\codes\App_frontEnd\src\pages\branchpages\singpage\playpage\index.js", "JavaScript", 0, 83, 0, 0, 0, 0, 0, 0, 0, 0, 0, 0, 0, 1, 7, 91
"c:\Users\Lenovo\git\software-engineering-project\codes\App_frontEnd\src\pages\demopage\fetchdemo\fetchdemo.js", "JavaScript", 0, 0, 0, 0, 0, 0, 0, 0, 0, 0, 0, 0, 0, 0, 1, 1
"c:\Users\Lenovo\git\software-engineering-project\codes\App_frontEnd\src\pages\demopage\index.js", "JavaScript", 0, 116, 0, 0, 0, 0, 0, 0, 0, 0, 0, 0, 0, 3, 12, 131
"c:\Users\Lenovo\git\software-engineering-project\codes\App_frontEnd\src\pages\mainpage\index.js", "JavaScript", 0, 88, 0, 0, 0, 0, 0, 0, 0, 0, 0, 0, 0, 11, 16, 115
"c:\Users\Lenovo\git\software-engineering-project\codes\App_frontEnd\src\res\fonts\iconSvg.js", "JavaScript", 0, 20, 0, 0, 0, 0, 0, 0, 0, 0, 0, 0, 0, 3, 5, 28
"c:\Users\Lenovo\git\software-engineering-project\codes\App_frontEnd\src\tabbar.js", "JavaScript", 0, 79, 0, 0, 0, 0, 0, 0, 0, 0, 0, 0, 0, 14, 3, 96
"c:\Users\Lenovo\git\software-engineering-project\codes\App_frontEnd\src\utils\MusicPlayer.js", "JavaScript", 0, 280, 0, 0, 0, 0, 0, 0, 0, 0, 0, 0, 0, 36, 33, 349
"c:\Users\Lenovo\git\software-engineering-project\codes\App_frontEnd\src\utils\Toast.js", "JavaScript", 0, 19, 0, 0, 0, 0, 0, 0, 0, 0, 0, 0, 0, 0, 4, 23
"c:\Users\Lenovo\git\software-engineering-project\codes\App_frontEnd\src\utils\VideoPlayer.js", "JavaScript", 0, 224, 0, 0, 0, 0, 0, 0, 0, 0, 0, 0, 0, 11, 31, 266
"c:\Users\Lenovo\git\software-engineering-project\codes\App_frontEnd\src\utils\aecm.js", "JavaScript", 0, 2, 0, 0, 0, 0, 0, 0, 0, 0, 0, 0, 0, 0, 2, 4
"c:\Users\Lenovo\git\software-engineering-project\codes\App_frontEnd\src\utils\ajax.js", "JavaScript", 0, 74, 0, 0, 0, 0, 0, 0, 0, 0, 0, 0, 0, 12, 11, 97
"c:\Users\Lenovo\git\software-engineering-project\codes\App_frontEnd\src\utils\audio-api.js", "JavaScript", 0, 125, 0, 0, 0, 0, 0, 0, 0, 0, 0, 0, 0, 65, 24, 214
"c:\Users\Lenovo\git\software-engineering-project\codes\App_frontEnd\src\utils\audioRecord.js", "JavaScript", 0, 2, 0, 0, 0, 0, 0, 0, 0, 0, 0, 0, 0, 0, 1, 3
"c:\Users\Lenovo\git\software-engineering-project\codes\App_frontEnd\src\utils\rnnoise.js", "JavaScript", 0, 2, 0, 0, 0, 0, 0, 0, 0, 0, 0, 0, 0, 0, 2, 4
"c:\Users\Lenovo\git\software-engineering-project\codes\App_frontEnd\src\utils\saveAudio.js", "JavaScript", 0, 2, 0, 0, 0, 0, 0, 0, 0, 0, 0, 0, 0, 0, 1, 3
"c:\Users\Lenovo\git\software-engineering-project\codes\App_frontEnd\src\utils\sox.js", "JavaScript", 0, 2, 0, 0, 0, 0, 0, 0, 0, 0, 0, 0, 0, 0, 1, 3
"c:\Users\Lenovo\git\software-engineering-project\codes\App_frontEnd\src\utils\stylesKits.js", "JavaScript", 0, 4, 0, 0, 0, 0, 0, 0, 0, 0, 0, 0, 0, 4, 1, 9
"c:\Users\Lenovo\git\software-engineering-project\codes\App_frontEnd\src\utils\validator.js", "JavaScript", 0, 6, 0, 0, 0, 0, 0, 0, 0, 0, 0, 0, 0, 0, 0, 6
"Total", "-", 19488, 5860, 10359, 1, 143, 99, 813, 106, 60569, 217, 268, 184, 8, 20521, 11407, 130043